INSERT OR REPLACE INTO tournaments (id,name,organizer,venue,start_date,end_date,info,tables_count,days) VALUES (1,'2025冬季国贸地产厦门乒乓球社群联赛','','五缘湾运动馆','2025-12-13',NULL,'2025冬季国贸地产厦门乒乓球社群联赛',8,1);
INSERT OR REPLACE INTO events (id,tournament_id,key,event_type,title,groups,rounds,best_of,stage) VALUES (1,1,'混合单打第1阶段1','XS','混合单打第一阶段',4,0,3,'loop');
INSERT OR REPLACE INTO events (id,tournament_id,key,event_type,title,groups,rounds,best_of,stage) VALUES (2,1,'混合单打第2阶段1','XS','混合单打第二阶段',0,0,3,'knockout');
INSERT OR REPLACE INTO events (id,tournament_id,key,event_type,title,groups,rounds,best_of,stage) VALUES (3,1,'混合双打第1阶段1','XD','混合双打单循环赛',1,0,3,'loop');
INSERT OR REPLACE INTO teams (id,tournament_id,name,short_name,flag) VALUES (1,1,'保利国贸','保利国贸','');
INSERT OR REPLACE INTO teams (id,tournament_id,name,short_name,flag) VALUES (2,1,'保利国贸沁原','保利国贸沁原','');
INSERT OR REPLACE INTO teams (id,tournament_id,name,short_name,flag) VALUES (3,1,'国贸润原','国贸润原','');
INSERT OR REPLACE INTO teams (id,tournament_id,name,short_name,flag) VALUES (4,1,'国贸润园','国贸润园','');
INSERT OR REPLACE INTO teams (id,tournament_id,name,short_name,flag) VALUES (5,1,'国贸璟原','国贸璟原','');
INSERT OR REPLACE INTO teams (id,tournament_id,name,short_name,flag) VALUES (6,1,'天境云著','天境云著','');
INSERT OR REPLACE INTO teams (id,tournament_id,name,short_name,flag) VALUES (7,1,'李毅强','李毅强','');
INSERT OR REPLACE INTO teams (id,tournament_id,name,short_name,flag) VALUES (8,1,'赵一涵','赵一涵','');
INSERT OR REPLACE INTO players (id,tournament_id,team_id,name,gender,seed,rating) VALUES (1,1,5,'何树明','X',0,96);
INSERT OR REPLACE INTO players (id,tournament_id,team_id,name,gender,seed,rating) VALUES (2,1,6,'周星园','X',0,49);
INSERT OR REPLACE INTO players (id,tournament_id,team_id,name,gender,seed,rating) VALUES (3,1,2,'张友义','X',0,7);
INSERT OR REPLACE INTO players (id,tournament_id,team_id,name,gender,seed,rating) VALUES (4,1,6,'张波浪','X',0,27);
INSERT OR REPLACE INTO players (id,tournament_id,team_id,name,gender,seed,rating) VALUES (5,1,2,'张海珍','X',0,-74);
INSERT OR REPLACE INTO players (id,tournament_id,team_id,name,gender,seed,rating) VALUES (6,1,3,'朱晨希','X',0,7);
INSERT OR REPLACE INTO players (id,tournament_id,team_id,name,gender,seed,rating) VALUES (7,1,7,'李毅强','X',0,104);
INSERT OR REPLACE INTO players (id,tournament_id,team_id,name,gender,seed,rating) VALUES (8,1,2,'梁朝荣','X',0,-42);
INSERT OR REPLACE INTO players (id,tournament_id,team_id,name,gender,seed,rating) VALUES (9,1,2,'潘汉军','X',0,-26);
INSERT OR REPLACE INTO players (id,tournament_id,team_id,name,gender,seed,rating) VALUES (10,1,5,'董凯翔','X',0,2);
INSERT OR REPLACE INTO players (id,tournament_id,team_id,name,gender,seed,rating) VALUES (11,1,2,'蔡国楂','X',0,-23);
INSERT OR REPLACE INTO players (id,tournament_id,team_id,name,gender,seed,rating) VALUES (12,1,8,'赵一涵','X',0,-77);
INSERT OR REPLACE INTO players (id,tournament_id,team_id,name,gender,seed,rating) VALUES (13,1,6,'邱宇哲','X',0,-48);
INSERT OR REPLACE INTO players (id,tournament_id,team_id,name,gender,seed,rating) VALUES (14,1,3,'郑晖驰','X',0,25);
INSERT OR REPLACE INTO players (id,tournament_id,team_id,name,gender,seed,rating) VALUES (15,1,2,'郑毅斌','X',0,0);
INSERT OR REPLACE INTO players (id,tournament_id,team_id,name,gender,seed,rating) VALUES (16,1,3,'钟鑫淼','X',0,3);
INSERT OR REPLACE INTO players (id,tournament_id,team_id,name,gender,seed,rating) VALUES (17,1,3,'陈基生','X',0,150);
INSERT OR REPLACE INTO players (id,tournament_id,team_id,name,gender,seed,rating) VALUES (18,1,2,'陈水河','X',0,-90);
INSERT OR REPLACE INTO players (id,tournament_id,team_id,name,gender,seed,rating) VALUES (19,1,2,'黄文静','X',0,-90);
INSERT OR REPLACE INTO group_tables (id,event_id,group_name,group_index) VALUES (1,1,'1 组',1);
INSERT OR REPLACE INTO group_tables (id,event_id,group_name,group_index) VALUES (2,1,'2 组',2);
INSERT OR REPLACE INTO group_tables (id,event_id,group_name,group_index) VALUES (3,1,'3 组',3);
INSERT OR REPLACE INTO group_tables (id,event_id,group_name,group_index) VALUES (4,1,'4 组',4);
INSERT OR REPLACE INTO group_tables (id,event_id,group_name,group_index) VALUES (6,3,'1 组',1);
INSERT OR REPLACE INTO group_entries (id,group_id,player_id,team_id,position,wins,losses,games_won,games_lost,points_won,points_lost,rank) VALUES (1,1,6,NULL,1,0,0,0,0,0,0,2);
INSERT OR REPLACE INTO group_entries (id,group_id,player_id,team_id,position,wins,losses,games_won,games_lost,points_won,points_lost,rank) VALUES (2,1,1,NULL,2,0,0,0,0,0,0,1);
INSERT OR REPLACE INTO group_entries (id,group_id,player_id,team_id,position,wins,losses,games_won,games_lost,points_won,points_lost,rank) VALUES (3,1,11,NULL,3,0,0,0,0,0,0,3);
INSERT OR REPLACE INTO group_entries (id,group_id,player_id,team_id,position,wins,losses,games_won,games_lost,points_won,points_lost,rank) VALUES (4,1,5,NULL,4,0,0,0,0,0,0,4);
INSERT OR REPLACE INTO group_entries (id,group_id,player_id,team_id,position,wins,losses,games_won,games_lost,points_won,points_lost,rank) VALUES (5,2,3,NULL,1,0,0,0,0,0,0,2);
INSERT OR REPLACE INTO group_entries (id,group_id,player_id,team_id,position,wins,losses,games_won,games_lost,points_won,points_lost,rank) VALUES (6,2,2,NULL,2,0,0,0,0,0,0,1);
INSERT OR REPLACE INTO group_entries (id,group_id,player_id,team_id,position,wins,losses,games_won,games_lost,points_won,points_lost,rank) VALUES (7,2,9,NULL,3,0,0,0,0,0,0,3);
INSERT OR REPLACE INTO group_entries (id,group_id,player_id,team_id,position,wins,losses,games_won,games_lost,points_won,points_lost,rank) VALUES (8,2,12,NULL,4,0,0,0,0,0,0,4);
INSERT OR REPLACE INTO group_entries (id,group_id,player_id,team_id,position,wins,losses,games_won,games_lost,points_won,points_lost,rank) VALUES (9,3,17,NULL,1,0,0,0,0,0,0,1);
INSERT OR REPLACE INTO group_entries (id,group_id,player_id,team_id,position,wins,losses,games_won,games_lost,points_won,points_lost,rank) VALUES (10,3,4,NULL,2,0,0,0,0,0,0,2);
INSERT OR REPLACE INTO group_entries (id,group_id,player_id,team_id,position,wins,losses,games_won,games_lost,points_won,points_lost,rank) VALUES (11,3,10,NULL,3,0,0,0,0,0,0,3);
INSERT OR REPLACE INTO group_entries (id,group_id,player_id,team_id,position,wins,losses,games_won,games_lost,points_won,points_lost,rank) VALUES (12,3,8,NULL,4,0,0,0,0,0,0,4);
INSERT OR REPLACE INTO group_entries (id,group_id,player_id,team_id,position,wins,losses,games_won,games_lost,points_won,points_lost,rank) VALUES (13,3,18,NULL,5,0,0,0,0,0,0,5);
INSERT OR REPLACE INTO group_entries (id,group_id,player_id,team_id,position,wins,losses,games_won,games_lost,points_won,points_lost,rank) VALUES (14,4,14,NULL,1,0,0,0,0,0,0,2);
INSERT OR REPLACE INTO group_entries (id,group_id,player_id,team_id,position,wins,losses,games_won,games_lost,points_won,points_lost,rank) VALUES (15,4,13,NULL,2,0,0,0,0,0,0,4);
INSERT OR REPLACE INTO group_entries (id,group_id,player_id,team_id,position,wins,losses,games_won,games_lost,points_won,points_lost,rank) VALUES (16,4,16,NULL,3,0,0,0,0,0,0,3);
INSERT OR REPLACE INTO group_entries (id,group_id,player_id,team_id,position,wins,losses,games_won,games_lost,points_won,points_lost,rank) VALUES (17,4,19,NULL,4,0,0,0,0,0,0,5);
INSERT OR REPLACE INTO group_entries (id,group_id,player_id,team_id,position,wins,losses,games_won,games_lost,points_won,points_lost,rank) VALUES (18,4,7,NULL,5,0,0,0,0,0,0,1);
INSERT OR REPLACE INTO group_entries (id,group_id,player_id,team_id,position,wins,losses,games_won,games_lost,points_won,points_lost,rank) VALUES (25,6,15,NULL,1,0,0,0,0,0,0,0);
INSERT OR REPLACE INTO group_entries (id,group_id,player_id,team_id,position,wins,losses,games_won,games_lost,points_won,points_lost,rank) VALUES (26,6,2,NULL,2,0,0,0,0,0,0,0);
INSERT OR REPLACE INTO group_entries (id,group_id,player_id,team_id,position,wins,losses,games_won,games_lost,points_won,points_lost,rank) VALUES (27,6,14,NULL,3,0,0,0,0,0,0,0);
INSERT OR REPLACE INTO group_entries (id,group_id,player_id,team_id,position,wins,losses,games_won,games_lost,points_won,points_lost,rank) VALUES (28,6,16,NULL,4,0,0,0,0,0,0,0);
INSERT OR REPLACE INTO group_entries (id,group_id,player_id,team_id,position,wins,losses,games_won,games_lost,points_won,points_lost,rank) VALUES (29,6,4,NULL,5,0,0,0,0,0,0,0);
INSERT OR REPLACE INTO group_entries (id,group_id,player_id,team_id,position,wins,losses,games_won,games_lost,points_won,points_lost,rank) VALUES (30,6,1,NULL,6,0,0,0,0,0,0,0);
INSERT OR REPLACE INTO matches (id,event_id,group_id,round,match_order,table_no,date,time,player1_id,player2_id,player3_id,player4_id,team1_id,team2_id,result,status,winner_side,team3_id,team4_id,seat1,seat2) VALUES (1,1,1,1,90001,1,'13','14:00',6,NULL,11,NULL,3,NULL,'2:0','finished',1,2,NULL,1,3);
INSERT OR REPLACE INTO matches (id,event_id,group_id,round,match_order,table_no,date,time,player1_id,player2_id,player3_id,player4_id,team1_id,team2_id,result,status,winner_side,team3_id,team4_id,seat1,seat2) VALUES (2,1,1,1,90002,2,'13','14:00',5,NULL,1,NULL,2,NULL,'W-0:2','finished',2,5,NULL,4,2);
INSERT OR REPLACE INTO matches (id,event_id,group_id,round,match_order,table_no,date,time,player1_id,player2_id,player3_id,player4_id,team1_id,team2_id,result,status,winner_side,team3_id,team4_id,seat1,seat2) VALUES (3,1,1,2,90003,1,'13','14:10',6,NULL,1,NULL,3,NULL,'0:2','finished',2,5,NULL,1,2);
INSERT OR REPLACE INTO matches (id,event_id,group_id,round,match_order,table_no,date,time,player1_id,player2_id,player3_id,player4_id,team1_id,team2_id,result,status,winner_side,team3_id,team4_id,seat1,seat2) VALUES (4,1,1,2,90004,2,'13','14:10',11,NULL,5,NULL,2,NULL,'2:W-0','finished',1,2,NULL,3,4);
INSERT OR REPLACE INTO matches (id,event_id,group_id,round,match_order,table_no,date,time,player1_id,player2_id,player3_id,player4_id,team1_id,team2_id,result,status,winner_side,team3_id,team4_id,seat1,seat2) VALUES (5,1,1,3,90005,1,'13','14:20',6,NULL,5,NULL,3,NULL,'2:W-0','finished',1,2,NULL,1,4);
INSERT OR REPLACE INTO matches (id,event_id,group_id,round,match_order,table_no,date,time,player1_id,player2_id,player3_id,player4_id,team1_id,team2_id,result,status,winner_side,team3_id,team4_id,seat1,seat2) VALUES (6,1,1,3,90006,2,'13','14:20',1,NULL,11,NULL,5,NULL,'2:0','finished',1,2,NULL,2,3);
INSERT OR REPLACE INTO matches (id,event_id,group_id,round,match_order,table_no,date,time,player1_id,player2_id,player3_id,player4_id,team1_id,team2_id,result,status,winner_side,team3_id,team4_id,seat1,seat2) VALUES (7,1,2,1,90007,3,'13','14:00',3,NULL,9,NULL,2,NULL,'2:0','finished',1,2,NULL,1,3);
INSERT OR REPLACE INTO matches (id,event_id,group_id,round,match_order,table_no,date,time,player1_id,player2_id,player3_id,player4_id,team1_id,team2_id,result,status,winner_side,team3_id,team4_id,seat1,seat2) VALUES (8,1,2,1,90008,4,'13','14:00',12,NULL,2,NULL,8,NULL,'0:2','finished',2,6,NULL,4,2);
INSERT OR REPLACE INTO matches (id,event_id,group_id,round,match_order,table_no,date,time,player1_id,player2_id,player3_id,player4_id,team1_id,team2_id,result,status,winner_side,team3_id,team4_id,seat1,seat2) VALUES (9,1,2,2,90009,3,'13','14:10',3,NULL,2,NULL,2,NULL,'1:2','finished',2,6,NULL,1,2);
INSERT OR REPLACE INTO matches (id,event_id,group_id,round,match_order,table_no,date,time,player1_id,player2_id,player3_id,player4_id,team1_id,team2_id,result,status,winner_side,team3_id,team4_id,seat1,seat2) VALUES (10,1,2,2,90010,4,'13','14:10',9,NULL,12,NULL,2,NULL,'2:0','finished',1,8,NULL,3,4);
INSERT OR REPLACE INTO matches (id,event_id,group_id,round,match_order,table_no,date,time,player1_id,player2_id,player3_id,player4_id,team1_id,team2_id,result,status,winner_side,team3_id,team4_id,seat1,seat2) VALUES (11,1,2,3,90011,3,'13','14:20',3,NULL,12,NULL,2,NULL,'2:0','finished',1,8,NULL,1,4);
INSERT OR REPLACE INTO matches (id,event_id,group_id,round,match_order,table_no,date,time,player1_id,player2_id,player3_id,player4_id,team1_id,team2_id,result,status,winner_side,team3_id,team4_id,seat1,seat2) VALUES (12,1,2,3,90012,4,'13','14:20',2,NULL,9,NULL,6,NULL,'2:0','finished',1,2,NULL,2,3);
INSERT OR REPLACE INTO matches (id,event_id,group_id,round,match_order,table_no,date,time,player1_id,player2_id,player3_id,player4_id,team1_id,team2_id,result,status,winner_side,team3_id,team4_id,seat1,seat2) VALUES (13,1,3,1,90013,5,'13','14:00',17,NULL,10,NULL,3,NULL,'2:0','finished',1,5,NULL,1,3);
INSERT OR REPLACE INTO matches (id,event_id,group_id,round,match_order,table_no,date,time,player1_id,player2_id,player3_id,player4_id,team1_id,team2_id,result,status,winner_side,team3_id,team4_id,seat1,seat2) VALUES (14,1,3,1,90014,6,'13','14:00',4,NULL,8,NULL,6,NULL,'2:1','finished',1,2,NULL,2,4);
INSERT OR REPLACE INTO matches (id,event_id,group_id,round,match_order,table_no,date,time,player1_id,player2_id,player3_id,player4_id,team1_id,team2_id,result,status,winner_side,team3_id,team4_id,seat1,seat2) VALUES (15,1,3,2,90015,5,'13','14:10',17,NULL,18,NULL,3,NULL,'2:W-0','finished',1,2,NULL,1,5);
INSERT OR REPLACE INTO matches (id,event_id,group_id,round,match_order,table_no,date,time,player1_id,player2_id,player3_id,player4_id,team1_id,team2_id,result,status,winner_side,team3_id,team4_id,seat1,seat2) VALUES (16,1,3,2,90016,6,'13','14:10',10,NULL,8,NULL,5,NULL,'2:1','finished',1,2,NULL,3,4);
INSERT OR REPLACE INTO matches (id,event_id,group_id,round,match_order,table_no,date,time,player1_id,player2_id,player3_id,player4_id,team1_id,team2_id,result,status,winner_side,team3_id,team4_id,seat1,seat2) VALUES (17,1,3,3,90017,5,'13','14:20',17,NULL,8,NULL,3,NULL,'2:0','finished',1,2,NULL,1,4);
INSERT OR REPLACE INTO matches (id,event_id,group_id,round,match_order,table_no,date,time,player1_id,player2_id,player3_id,player4_id,team1_id,team2_id,result,status,winner_side,team3_id,team4_id,seat1,seat2) VALUES (18,1,3,3,90018,6,'13','14:20',18,NULL,4,NULL,2,NULL,'W-0:2','finished',2,6,NULL,5,2);
INSERT OR REPLACE INTO matches (id,event_id,group_id,round,match_order,table_no,date,time,player1_id,player2_id,player3_id,player4_id,team1_id,team2_id,result,status,winner_side,team3_id,team4_id,seat1,seat2) VALUES (19,1,3,4,90019,5,'13','14:30',17,NULL,4,NULL,3,NULL,'2:0','finished',1,6,NULL,1,2);
INSERT OR REPLACE INTO matches (id,event_id,group_id,round,match_order,table_no,date,time,player1_id,player2_id,player3_id,player4_id,team1_id,team2_id,result,status,winner_side,team3_id,team4_id,seat1,seat2) VALUES (20,1,3,4,90020,6,'13','14:30',18,NULL,10,NULL,2,NULL,'W-0:2','finished',2,5,NULL,5,3);
INSERT OR REPLACE INTO matches (id,event_id,group_id,round,match_order,table_no,date,time,player1_id,player2_id,player3_id,player4_id,team1_id,team2_id,result,status,winner_side,team3_id,team4_id,seat1,seat2) VALUES (21,1,3,5,90021,5,'13','14:40',4,NULL,10,NULL,6,NULL,'2:0','finished',1,5,NULL,2,3);
INSERT OR REPLACE INTO matches (id,event_id,group_id,round,match_order,table_no,date,time,player1_id,player2_id,player3_id,player4_id,team1_id,team2_id,result,status,winner_side,team3_id,team4_id,seat1,seat2) VALUES (22,1,3,5,90022,6,'13','14:40',8,NULL,18,NULL,2,NULL,'2:W-0','finished',1,2,NULL,4,5);
INSERT OR REPLACE INTO matches (id,event_id,group_id,round,match_order,table_no,date,time,player1_id,player2_id,player3_id,player4_id,team1_id,team2_id,result,status,winner_side,team3_id,team4_id,seat1,seat2) VALUES (23,1,4,1,90023,7,'13','14:00',14,NULL,16,NULL,3,NULL,'2:0','finished',1,3,NULL,1,3);
INSERT OR REPLACE INTO matches (id,event_id,group_id,round,match_order,table_no,date,time,player1_id,player2_id,player3_id,player4_id,team1_id,team2_id,result,status,winner_side,team3_id,team4_id,seat1,seat2) VALUES (24,1,4,1,90024,8,'13','14:00',13,NULL,19,NULL,6,NULL,'2:0','finished',1,2,NULL,2,4);
INSERT OR REPLACE INTO matches (id,event_id,group_id,round,match_order,table_no,date,time,player1_id,player2_id,player3_id,player4_id,team1_id,team2_id,result,status,winner_side,team3_id,team4_id,seat1,seat2) VALUES (25,1,4,2,90025,7,'13','14:10',14,NULL,7,NULL,3,NULL,'1:2','finished',2,7,NULL,1,5);
INSERT OR REPLACE INTO matches (id,event_id,group_id,round,match_order,table_no,date,time,player1_id,player2_id,player3_id,player4_id,team1_id,team2_id,result,status,winner_side,team3_id,team4_id,seat1,seat2) VALUES (26,1,4,2,90026,8,'13','14:10',16,NULL,19,NULL,3,NULL,'2:0','finished',1,2,NULL,3,4);
INSERT OR REPLACE INTO matches (id,event_id,group_id,round,match_order,table_no,date,time,player1_id,player2_id,player3_id,player4_id,team1_id,team2_id,result,status,winner_side,team3_id,team4_id,seat1,seat2) VALUES (27,1,4,3,90027,7,'13','14:20',14,NULL,19,NULL,3,NULL,'2:0','finished',1,2,NULL,1,4);
INSERT OR REPLACE INTO matches (id,event_id,group_id,round,match_order,table_no,date,time,player1_id,player2_id,player3_id,player4_id,team1_id,team2_id,result,status,winner_side,team3_id,team4_id,seat1,seat2) VALUES (28,1,4,3,90028,8,'13','14:20',7,NULL,13,NULL,7,NULL,'2:0','finished',1,6,NULL,5,2);
INSERT OR REPLACE INTO matches (id,event_id,group_id,round,match_order,table_no,date,time,player1_id,player2_id,player3_id,player4_id,team1_id,team2_id,result,status,winner_side,team3_id,team4_id,seat1,seat2) VALUES (29,1,4,4,90029,7,'13','14:30',14,NULL,13,NULL,3,NULL,'2:0','finished',1,6,NULL,1,2);
INSERT OR REPLACE INTO matches (id,event_id,group_id,round,match_order,table_no,date,time,player1_id,player2_id,player3_id,player4_id,team1_id,team2_id,result,status,winner_side,team3_id,team4_id,seat1,seat2) VALUES (30,1,4,4,90030,8,'13','14:30',7,NULL,16,NULL,7,NULL,'2:1','finished',1,3,NULL,5,3);
INSERT OR REPLACE INTO matches (id,event_id,group_id,round,match_order,table_no,date,time,player1_id,player2_id,player3_id,player4_id,team1_id,team2_id,result,status,winner_side,team3_id,team4_id,seat1,seat2) VALUES (31,1,4,5,90031,7,'13','14:40',13,NULL,16,NULL,6,NULL,'1:2','finished',2,3,NULL,2,3);
INSERT OR REPLACE INTO matches (id,event_id,group_id,round,match_order,table_no,date,time,player1_id,player2_id,player3_id,player4_id,team1_id,team2_id,result,status,winner_side,team3_id,team4_id,seat1,seat2) VALUES (32,1,4,5,90032,8,'13','14:40',19,NULL,7,NULL,2,NULL,'0:2','finished',2,7,NULL,4,5);
INSERT OR REPLACE INTO matches (id,event_id,group_id,round,match_order,table_no,date,time,player1_id,player2_id,player3_id,player4_id,team1_id,team2_id,result,status,winner_side,team3_id,team4_id,seat1,seat2) VALUES (33,2,NULL,1,90033,1,'13','15:00',7,NULL,6,NULL,7,NULL,'2:0','finished',1,3,NULL,1,2);
INSERT OR REPLACE INTO matches (id,event_id,group_id,round,match_order,table_no,date,time,player1_id,player2_id,player3_id,player4_id,team1_id,team2_id,result,status,winner_side,team3_id,team4_id,seat1,seat2) VALUES (34,2,NULL,1,90034,2,'13','15:00',4,NULL,2,NULL,6,NULL,'1:2','finished',2,6,NULL,3,4);
INSERT OR REPLACE INTO matches (id,event_id,group_id,round,match_order,table_no,date,time,player1_id,player2_id,player3_id,player4_id,team1_id,team2_id,result,status,winner_side,team3_id,team4_id,seat1,seat2) VALUES (35,2,NULL,1,90035,3,'13','15:00',17,NULL,3,NULL,3,NULL,'2:0','finished',1,2,NULL,5,6);
INSERT OR REPLACE INTO matches (id,event_id,group_id,round,match_order,table_no,date,time,player1_id,player2_id,player3_id,player4_id,team1_id,team2_id,result,status,winner_side,team3_id,team4_id,seat1,seat2) VALUES (36,2,NULL,1,90036,4,'13','15:00',14,NULL,1,NULL,3,NULL,'0:2','finished',2,5,NULL,7,8);
INSERT OR REPLACE INTO matches (id,event_id,group_id,round,match_order,table_no,date,time,player1_id,player2_id,player3_id,player4_id,team1_id,team2_id,result,status,winner_side,team3_id,team4_id,seat1,seat2) VALUES (37,2,NULL,2,90037,1,'13','15:10',7,NULL,2,NULL,7,NULL,'2:0','finished',1,6,NULL,1,2);
INSERT OR REPLACE INTO matches (id,event_id,group_id,round,match_order,table_no,date,time,player1_id,player2_id,player3_id,player4_id,team1_id,team2_id,result,status,winner_side,team3_id,team4_id,seat1,seat2) VALUES (38,2,NULL,2,90038,2,'13','15:10',17,NULL,1,NULL,3,NULL,'2:0','finished',1,5,NULL,3,4);
INSERT OR REPLACE INTO matches (id,event_id,group_id,round,match_order,table_no,date,time,player1_id,player2_id,player3_id,player4_id,team1_id,team2_id,result,status,winner_side,team3_id,team4_id,seat1,seat2) VALUES (39,2,NULL,3,90039,2,'13','15:20',2,NULL,1,NULL,6,NULL,'0:2','finished',2,5,NULL,3,4);
INSERT OR REPLACE INTO matches (id,event_id,group_id,round,match_order,table_no,date,time,player1_id,player2_id,player3_id,player4_id,team1_id,team2_id,result,status,winner_side,team3_id,team4_id,seat1,seat2) VALUES (40,2,NULL,3,90040,1,'13','15:20',7,NULL,17,NULL,7,NULL,'0:2','finished',2,3,NULL,1,2);
INSERT OR REPLACE INTO matches (id,event_id,group_id,round,match_order,table_no,date,time,player1_id,player2_id,player3_id,player4_id,team1_id,team2_id,result,status,winner_side,team3_id,team4_id,seat1,seat2) VALUES (41,3,6,1,70001,1,'13','16:30',15,18,14,17,2,2,'0:2','finished',2,4,4,1,3);
INSERT OR REPLACE INTO matches (id,event_id,group_id,round,match_order,table_no,date,time,player1_id,player2_id,player3_id,player4_id,team1_id,team2_id,result,status,winner_side,team3_id,team4_id,seat1,seat2) VALUES (42,3,6,1,70002,2,'13','16:30',1,10,4,7,5,5,'2:0','finished',1,6,6,6,5);
INSERT OR REPLACE INTO matches (id,event_id,group_id,round,match_order,table_no,date,time,player1_id,player2_id,player3_id,player4_id,team1_id,team2_id,result,status,winner_side,team3_id,team4_id,seat1,seat2) VALUES (43,3,6,1,70003,3,'13','16:30',2,8,16,13,1,1,'2:0','finished',1,4,6,2,4);
INSERT OR REPLACE INTO matches (id,event_id,group_id,round,match_order,table_no,date,time,player1_id,player2_id,player3_id,player4_id,team1_id,team2_id,result,status,winner_side,team3_id,team4_id,seat1,seat2) VALUES (44,3,6,2,70004,1,'13','16:45',15,18,4,7,2,2,'0:2','finished',2,6,6,1,5);
INSERT OR REPLACE INTO matches (id,event_id,group_id,round,match_order,table_no,date,time,player1_id,player2_id,player3_id,player4_id,team1_id,team2_id,result,status,winner_side,team3_id,team4_id,seat1,seat2) VALUES (45,3,6,2,70005,2,'13','16:45',14,17,16,13,4,4,'2:0','finished',1,4,6,3,4);
INSERT OR REPLACE INTO matches (id,event_id,group_id,round,match_order,table_no,date,time,player1_id,player2_id,player3_id,player4_id,team1_id,team2_id,result,status,winner_side,team3_id,team4_id,seat1,seat2) VALUES (46,3,6,2,70006,3,'13','16:45',1,10,2,8,5,5,'2:0','finished',1,1,1,6,2);
INSERT OR REPLACE INTO matches (id,event_id,group_id,round,match_order,table_no,date,time,player1_id,player2_id,player3_id,player4_id,team1_id,team2_id,result,status,winner_side,team3_id,team4_id,seat1,seat2) VALUES (47,3,6,3,70007,1,'13','17:00',15,18,16,13,2,2,'0:2','finished',2,4,6,1,4);
INSERT OR REPLACE INTO matches (id,event_id,group_id,round,match_order,table_no,date,time,player1_id,player2_id,player3_id,player4_id,team1_id,team2_id,result,status,winner_side,team3_id,team4_id,seat1,seat2) VALUES (48,3,6,3,70008,2,'13','17:00',4,7,2,8,6,6,'1:2','finished',2,1,1,5,2);
INSERT OR REPLACE INTO matches (id,event_id,group_id,round,match_order,table_no,date,time,player1_id,player2_id,player3_id,player4_id,team1_id,team2_id,result,status,winner_side,team3_id,team4_id,seat1,seat2) VALUES (49,3,6,3,70009,3,'13','17:00',14,17,1,10,4,4,'2:0','finished',1,5,5,3,6);
INSERT OR REPLACE INTO matches (id,event_id,group_id,round,match_order,table_no,date,time,player1_id,player2_id,player3_id,player4_id,team1_id,team2_id,result,status,winner_side,team3_id,team4_id,seat1,seat2) VALUES (50,3,6,4,70010,1,'13','17:15',15,18,2,8,2,2,'0:2','finished',2,1,1,1,2);
INSERT OR REPLACE INTO matches (id,event_id,group_id,round,match_order,table_no,date,time,player1_id,player2_id,player3_id,player4_id,team1_id,team2_id,result,status,winner_side,team3_id,team4_id,seat1,seat2) VALUES (51,3,6,4,70011,2,'13','17:15',16,13,1,10,4,6,'0:2','finished',2,5,5,4,6);
INSERT OR REPLACE INTO matches (id,event_id,group_id,round,match_order,table_no,date,time,player1_id,player2_id,player3_id,player4_id,team1_id,team2_id,result,status,winner_side,team3_id,team4_id,seat1,seat2) VALUES (52,3,6,4,70012,3,'13','17:15',4,7,14,17,6,6,'0:2','finished',2,4,4,5,3);
INSERT OR REPLACE INTO matches (id,event_id,group_id,round,match_order,table_no,date,time,player1_id,player2_id,player3_id,player4_id,team1_id,team2_id,result,status,winner_side,team3_id,team4_id,seat1,seat2) VALUES (53,3,6,5,70013,1,'13','17:30',15,18,1,10,2,2,'0:2','finished',2,5,5,1,6);
INSERT OR REPLACE INTO matches (id,event_id,group_id,round,match_order,table_no,date,time,player1_id,player2_id,player3_id,player4_id,team1_id,team2_id,result,status,winner_side,team3_id,team4_id,seat1,seat2) VALUES (54,3,6,5,70014,2,'13','17:30',2,8,14,17,1,1,'0:2','finished',2,4,4,2,3);
INSERT OR REPLACE INTO matches (id,event_id,group_id,round,match_order,table_no,date,time,player1_id,player2_id,player3_id,player4_id,team1_id,team2_id,result,status,winner_side,team3_id,team4_id,seat1,seat2) VALUES (55,3,6,5,70015,3,'13','17:30',16,13,4,7,4,6,'2:0','finished',1,6,6,4,5);
INSERT OR REPLACE INTO scores (id,match_id,game_no,score_left,score_right) VALUES (3,2,1,65535,11);
INSERT OR REPLACE INTO scores (id,match_id,game_no,score_left,score_right) VALUES (4,2,2,65535,11);
INSERT OR REPLACE INTO scores (id,match_id,game_no,score_left,score_right) VALUES (5,3,1,1,11);
INSERT OR REPLACE INTO scores (id,match_id,game_no,score_left,score_right) VALUES (6,3,2,4,11);
INSERT OR REPLACE INTO scores (id,match_id,game_no,score_left,score_right) VALUES (7,4,1,11,65535);
INSERT OR REPLACE INTO scores (id,match_id,game_no,score_left,score_right) VALUES (8,4,2,11,65535);
INSERT OR REPLACE INTO scores (id,match_id,game_no,score_left,score_right) VALUES (9,5,1,11,65535);
INSERT OR REPLACE INTO scores (id,match_id,game_no,score_left,score_right) VALUES (10,5,2,11,65535);
INSERT OR REPLACE INTO scores (id,match_id,game_no,score_left,score_right) VALUES (11,6,1,11,2);
INSERT OR REPLACE INTO scores (id,match_id,game_no,score_left,score_right) VALUES (12,6,2,11,2);
INSERT OR REPLACE INTO scores (id,match_id,game_no,score_left,score_right) VALUES (13,7,1,11,3);
INSERT OR REPLACE INTO scores (id,match_id,game_no,score_left,score_right) VALUES (14,7,2,11,2);
INSERT OR REPLACE INTO scores (id,match_id,game_no,score_left,score_right) VALUES (15,8,1,3,11);
INSERT OR REPLACE INTO scores (id,match_id,game_no,score_left,score_right) VALUES (16,8,2,2,11);
INSERT OR REPLACE INTO scores (id,match_id,game_no,score_left,score_right) VALUES (17,9,1,7,11);
INSERT OR REPLACE INTO scores (id,match_id,game_no,score_left,score_right) VALUES (18,9,2,11,3);
INSERT OR REPLACE INTO scores (id,match_id,game_no,score_left,score_right) VALUES (19,9,3,9,11);
INSERT OR REPLACE INTO scores (id,match_id,game_no,score_left,score_right) VALUES (20,10,1,11,7);
INSERT OR REPLACE INTO scores (id,match_id,game_no,score_left,score_right) VALUES (21,10,2,11,5);
INSERT OR REPLACE INTO scores (id,match_id,game_no,score_left,score_right) VALUES (22,11,1,11,3);
INSERT OR REPLACE INTO scores (id,match_id,game_no,score_left,score_right) VALUES (23,11,2,11,4);
INSERT OR REPLACE INTO scores (id,match_id,game_no,score_left,score_right) VALUES (24,12,1,11,1);
INSERT OR REPLACE INTO scores (id,match_id,game_no,score_left,score_right) VALUES (25,12,2,11,0);
INSERT OR REPLACE INTO scores (id,match_id,game_no,score_left,score_right) VALUES (26,13,1,11,4);
INSERT OR REPLACE INTO scores (id,match_id,game_no,score_left,score_right) VALUES (27,13,2,11,7);
INSERT OR REPLACE INTO scores (id,match_id,game_no,score_left,score_right) VALUES (28,14,1,13,11);
INSERT OR REPLACE INTO scores (id,match_id,game_no,score_left,score_right) VALUES (29,14,2,9,11);
INSERT OR REPLACE INTO scores (id,match_id,game_no,score_left,score_right) VALUES (30,14,3,11,4);
INSERT OR REPLACE INTO scores (id,match_id,game_no,score_left,score_right) VALUES (31,15,1,11,65535);
INSERT OR REPLACE INTO scores (id,match_id,game_no,score_left,score_right) VALUES (32,15,2,11,65535);
INSERT OR REPLACE INTO scores (id,match_id,game_no,score_left,score_right) VALUES (33,16,1,5,11);
INSERT OR REPLACE INTO scores (id,match_id,game_no,score_left,score_right) VALUES (34,16,2,11,6);
INSERT OR REPLACE INTO scores (id,match_id,game_no,score_left,score_right) VALUES (35,16,3,12,10);
INSERT OR REPLACE INTO scores (id,match_id,game_no,score_left,score_right) VALUES (36,17,1,11,1);
INSERT OR REPLACE INTO scores (id,match_id,game_no,score_left,score_right) VALUES (37,17,2,11,2);
INSERT OR REPLACE INTO scores (id,match_id,game_no,score_left,score_right) VALUES (38,18,1,65535,11);
INSERT OR REPLACE INTO scores (id,match_id,game_no,score_left,score_right) VALUES (39,18,2,65535,11);
INSERT OR REPLACE INTO scores (id,match_id,game_no,score_left,score_right) VALUES (40,19,1,11,3);
INSERT OR REPLACE INTO scores (id,match_id,game_no,score_left,score_right) VALUES (41,19,2,11,2);
INSERT OR REPLACE INTO scores (id,match_id,game_no,score_left,score_right) VALUES (42,20,1,65535,11);
INSERT OR REPLACE INTO scores (id,match_id,game_no,score_left,score_right) VALUES (43,20,2,65535,11);
INSERT OR REPLACE INTO scores (id,match_id,game_no,score_left,score_right) VALUES (44,21,1,11,7);
INSERT OR REPLACE INTO scores (id,match_id,game_no,score_left,score_right) VALUES (45,21,2,11,6);
INSERT OR REPLACE INTO scores (id,match_id,game_no,score_left,score_right) VALUES (46,22,1,11,65535);
INSERT OR REPLACE INTO scores (id,match_id,game_no,score_left,score_right) VALUES (47,22,2,11,65535);
INSERT OR REPLACE INTO scores (id,match_id,game_no,score_left,score_right) VALUES (48,23,1,11,3);
INSERT OR REPLACE INTO scores (id,match_id,game_no,score_left,score_right) VALUES (49,23,2,11,8);
INSERT OR REPLACE INTO scores (id,match_id,game_no,score_left,score_right) VALUES (50,24,1,11,3);
INSERT OR REPLACE INTO scores (id,match_id,game_no,score_left,score_right) VALUES (51,24,2,11,7);
INSERT OR REPLACE INTO scores (id,match_id,game_no,score_left,score_right) VALUES (52,25,1,6,11);
INSERT OR REPLACE INTO scores (id,match_id,game_no,score_left,score_right) VALUES (53,25,2,11,9);
INSERT OR REPLACE INTO scores (id,match_id,game_no,score_left,score_right) VALUES (54,25,3,8,11);
INSERT OR REPLACE INTO scores (id,match_id,game_no,score_left,score_right) VALUES (55,26,1,11,5);
INSERT OR REPLACE INTO scores (id,match_id,game_no,score_left,score_right) VALUES (56,26,2,11,4);
INSERT OR REPLACE INTO scores (id,match_id,game_no,score_left,score_right) VALUES (57,27,1,11,2);
INSERT OR REPLACE INTO scores (id,match_id,game_no,score_left,score_right) VALUES (58,27,2,11,3);
INSERT OR REPLACE INTO scores (id,match_id,game_no,score_left,score_right) VALUES (59,28,1,11,7);
INSERT OR REPLACE INTO scores (id,match_id,game_no,score_left,score_right) VALUES (60,28,2,11,5);
INSERT OR REPLACE INTO scores (id,match_id,game_no,score_left,score_right) VALUES (61,29,1,11,2);
INSERT OR REPLACE INTO scores (id,match_id,game_no,score_left,score_right) VALUES (62,29,2,11,2);
INSERT OR REPLACE INTO scores (id,match_id,game_no,score_left,score_right) VALUES (63,30,1,11,7);
INSERT OR REPLACE INTO scores (id,match_id,game_no,score_left,score_right) VALUES (64,30,2,9,11);
INSERT OR REPLACE INTO scores (id,match_id,game_no,score_left,score_right) VALUES (65,30,3,12,10);
INSERT OR REPLACE INTO scores (id,match_id,game_no,score_left,score_right) VALUES (66,31,1,11,7);
INSERT OR REPLACE INTO scores (id,match_id,game_no,score_left,score_right) VALUES (67,31,2,9,11);
INSERT OR REPLACE INTO scores (id,match_id,game_no,score_left,score_right) VALUES (68,31,3,3,11);
INSERT OR REPLACE INTO scores (id,match_id,game_no,score_left,score_right) VALUES (69,32,1,4,11);
INSERT OR REPLACE INTO scores (id,match_id,game_no,score_left,score_right) VALUES (70,32,2,6,11);
INSERT OR REPLACE INTO scores (id,match_id,game_no,score_left,score_right) VALUES (71,33,1,11,4);
INSERT OR REPLACE INTO scores (id,match_id,game_no,score_left,score_right) VALUES (72,33,2,11,5);
INSERT OR REPLACE INTO scores (id,match_id,game_no,score_left,score_right) VALUES (73,34,1,11,5);
INSERT OR REPLACE INTO scores (id,match_id,game_no,score_left,score_right) VALUES (74,34,2,6,11);
INSERT OR REPLACE INTO scores (id,match_id,game_no,score_left,score_right) VALUES (75,34,3,8,11);
INSERT OR REPLACE INTO scores (id,match_id,game_no,score_left,score_right) VALUES (76,35,1,11,7);
INSERT OR REPLACE INTO scores (id,match_id,game_no,score_left,score_right) VALUES (77,35,2,11,2);
INSERT OR REPLACE INTO scores (id,match_id,game_no,score_left,score_right) VALUES (78,36,1,3,11);
INSERT OR REPLACE INTO scores (id,match_id,game_no,score_left,score_right) VALUES (79,36,2,6,11);
INSERT OR REPLACE INTO scores (id,match_id,game_no,score_left,score_right) VALUES (80,37,1,11,2);
INSERT OR REPLACE INTO scores (id,match_id,game_no,score_left,score_right) VALUES (81,37,2,11,7);
INSERT OR REPLACE INTO scores (id,match_id,game_no,score_left,score_right) VALUES (82,38,1,11,9);
INSERT OR REPLACE INTO scores (id,match_id,game_no,score_left,score_right) VALUES (83,38,2,11,8);
INSERT OR REPLACE INTO scores (id,match_id,game_no,score_left,score_right) VALUES (84,39,1,8,11);
INSERT OR REPLACE INTO scores (id,match_id,game_no,score_left,score_right) VALUES (85,39,2,7,11);
INSERT OR REPLACE INTO scores (id,match_id,game_no,score_left,score_right) VALUES (86,40,1,8,11);
INSERT OR REPLACE INTO scores (id,match_id,game_no,score_left,score_right) VALUES (87,40,2,8,11);
INSERT OR REPLACE INTO scores (id,match_id,game_no,score_left,score_right) VALUES (88,41,1,1,11);
INSERT OR REPLACE INTO scores (id,match_id,game_no,score_left,score_right) VALUES (89,41,2,2,11);
INSERT OR REPLACE INTO scores (id,match_id,game_no,score_left,score_right) VALUES (90,42,1,11,9);
INSERT OR REPLACE INTO scores (id,match_id,game_no,score_left,score_right) VALUES (91,42,2,11,8);
INSERT OR REPLACE INTO scores (id,match_id,game_no,score_left,score_right) VALUES (92,43,1,11,7);
INSERT OR REPLACE INTO scores (id,match_id,game_no,score_left,score_right) VALUES (93,43,2,11,4);
INSERT OR REPLACE INTO scores (id,match_id,game_no,score_left,score_right) VALUES (94,44,1,3,11);
INSERT OR REPLACE INTO scores (id,match_id,game_no,score_left,score_right) VALUES (95,44,2,1,11);
INSERT OR REPLACE INTO scores (id,match_id,game_no,score_left,score_right) VALUES (96,45,1,11,8);
INSERT OR REPLACE INTO scores (id,match_id,game_no,score_left,score_right) VALUES (97,45,2,11,8);
INSERT OR REPLACE INTO scores (id,match_id,game_no,score_left,score_right) VALUES (98,46,1,11,6);
INSERT OR REPLACE INTO scores (id,match_id,game_no,score_left,score_right) VALUES (99,46,2,11,6);
INSERT OR REPLACE INTO scores (id,match_id,game_no,score_left,score_right) VALUES (100,47,1,5,11);
INSERT OR REPLACE INTO scores (id,match_id,game_no,score_left,score_right) VALUES (101,47,2,4,11);
INSERT OR REPLACE INTO scores (id,match_id,game_no,score_left,score_right) VALUES (102,49,1,11,4);
INSERT OR REPLACE INTO scores (id,match_id,game_no,score_left,score_right) VALUES (103,49,2,11,7);
INSERT OR REPLACE INTO scores (id,match_id,game_no,score_left,score_right) VALUES (104,50,1,4,11);
INSERT OR REPLACE INTO scores (id,match_id,game_no,score_left,score_right) VALUES (105,50,2,3,11);
INSERT OR REPLACE INTO scores (id,match_id,game_no,score_left,score_right) VALUES (106,51,1,6,11);
INSERT OR REPLACE INTO scores (id,match_id,game_no,score_left,score_right) VALUES (107,51,2,6,11);
INSERT OR REPLACE INTO scores (id,match_id,game_no,score_left,score_right) VALUES (108,52,1,4,11);
INSERT OR REPLACE INTO scores (id,match_id,game_no,score_left,score_right) VALUES (109,52,2,4,11);
INSERT OR REPLACE INTO scores (id,match_id,game_no,score_left,score_right) VALUES (110,53,1,2,11);
INSERT OR REPLACE INTO scores (id,match_id,game_no,score_left,score_right) VALUES (111,53,2,2,11);
INSERT OR REPLACE INTO scores (id,match_id,game_no,score_left,score_right) VALUES (112,54,1,1,11);
INSERT OR REPLACE INTO scores (id,match_id,game_no,score_left,score_right) VALUES (113,54,2,5,11);
INSERT OR REPLACE INTO scores (id,match_id,game_no,score_left,score_right) VALUES (114,48,1,8,11);
INSERT OR REPLACE INTO scores (id,match_id,game_no,score_left,score_right) VALUES (115,48,2,11,3);
INSERT OR REPLACE INTO scores (id,match_id,game_no,score_left,score_right) VALUES (116,48,3,9,11);
INSERT OR REPLACE INTO scores (id,match_id,game_no,score_left,score_right) VALUES (122,1,1,11,2);
INSERT OR REPLACE INTO scores (id,match_id,game_no,score_left,score_right) VALUES (123,1,2,11,8);
INSERT OR REPLACE INTO scores (id,match_id,game_no,score_left,score_right) VALUES (136,55,1,13,11);
INSERT OR REPLACE INTO scores (id,match_id,game_no,score_left,score_right) VALUES (137,55,2,11,0);
INSERT OR REPLACE INTO settings (key,value) VALUES ('accumulated_points','2,1,0');
INSERT OR REPLACE INTO settings (key,value) VALUES ('waiver_flags','W-0');
INSERT OR REPLACE INTO settings (key,value) VALUES ('dual_waiver_flags','双弃权');
INSERT OR REPLACE INTO settings (key,value) VALUES ('ctta_enabled','0');